game_id,game_date,home_team_abbr,away_team_abbr,home_win_pct,home_ppg,home_opp_ppg,home_point_diff,away_win_pct,away_ppg,away_opp_ppg,away_point_diff,win_pct_diff,ppg_diff,point_diff_diff,home_win
22200022,2022-10-21,MIA,BOS,0.0,108.0,116.0,-8.0,1.0,126.0,117.0,9.0,-1.0,-18.0,-17.0,0
22200035,2022-10-22,DEN,OKC,0.5,115.0,123.0,-8.0,0.0,108.0,115.0,-7.0,0.5,7.0,-1.0,1
22200041,2022-10-23,OKC,MIN,0.0,112.5,118.5,-6.0,0.5,120.5,120.0,0.5,-0.5,-8.0,-6.5,0
22200072,2022-10-28,BOS,CLE,0.75,116.25,115.25,1.0,0.75,113.25,100.75,12.5,0.0,3.0,-11.5,0
22200075,2022-10-28,MIL,NYK,1.0,108.33333333333333,97.33333333333333,11.0,0.75,122.75,113.5,9.25,0.25,-14.416666666666671,1.75,1
22200086,2022-10-29,DAL,OKC,0.5,120.5,110.25,10.25,0.4,111.4,111.4,0.0,0.09999999999999998,9.099999999999994,10.25,0
22200090,2022-10-30,CLE,NYK,0.8,117.0,105.2,11.799999999999997,0.6,119.8,114.6,5.200000000000003,0.20000000000000007,-2.799999999999997,6.599999999999994,1
22200106,2022-11-01,PHX,MIN,0.8333333333333334,118.66666666666667,106.33333333333334,12.333333333333329,0.5714285714285714,115.14285714285714,113.14285714285714,2.0,0.261904761904762,3.5238095238095326,10.333333333333329,1
22200107,2022-11-02,CLE,BOS,0.8333333333333334,117.66666666666667,105.66666666666667,12.0,0.6666666666666666,116.66666666666667,114.5,2.1666666666666714,0.16666666666666674,1.0,9.833333333333329,1
22200119,2022-11-03,OKC,DEN,0.5714285714285714,112.85714285714286,110.85714285714286,2.0,0.5714285714285714,114.14285714285714,117.0,-2.857142857142861,0.0,-1.2857142857142776,4.857142857142861,0
22200129,2022-11-04,MIN,MIL,0.5,114.125,113.5,0.625,1.0,113.28571428571429,102.0,11.285714285714292,-0.5,0.8392857142857082,-10.660714285714292,0
22200135,2022-11-05,NYK,BOS,0.5,114.0,113.75,0.25,0.625,117.0,115.0,2.0,-0.125,-3.0,-1.75,0
22200136,2022-11-05,MIL,OKC,1.0,113.5,102.0,11.5,0.5,112.5,112.25,0.25,0.5,1.0,11.25,1
22200153,2022-11-07,MIN,NYK,0.5,114.4,114.0,0.4000000000000057,0.4444444444444444,114.44444444444444,115.62222222222222,-1.1777777777777771,0.05555555555555558,-0.04444444444443718,1.5777777777777828,0
22200167,2022-11-09,MIN,PHX,0.4,113.6,115.19999999999999,-1.5999999999999943,0.7,112.4,103.5,8.900000000000006,-0.29999999999999993,1.1999999999999886,-10.5,0
22200168,2022-11-09,OKC,MIL,0.4,109.7,111.8,-2.0999999999999943,0.9,111.4,102.7,8.700000000000003,-0.5,-1.7000000000000028,-10.799999999999997,0
22200176,2022-11-11,BOS,DEN,0.7,118.0,114.36,3.6400000000000006,0.8,118.2,113.76,4.439999999999998,-0.10000000000000009,-0.20000000000000284,-0.7999999999999972,1
22200192,2022-11-13,NYK,OKC,0.5,111.4,115.06,-3.6599999999999966,0.5,113.6,113.0,0.5999999999999943,0.0,-2.1999999999999886,-4.259999999999991,0
22200193,2022-11-13,CLE,MIN,0.7,115.1,108.3,6.799999999999997,0.3,111.4,115.7,-4.299999999999997,0.39999999999999997,3.6999999999999886,11.099999999999994,0
22200201,2022-11-14,BOS,OKC,0.7,119.1,113.96,5.140000000000001,0.6,117.5,114.9,2.5999999999999943,0.09999999999999998,1.5999999999999943,2.5400000000000063,1
22200202,2022-11-14,MIA,PHX,0.5,111.3,109.2,2.0999999999999943,0.7,113.2,104.8,8.400000000000006,-0.19999999999999996,-1.9000000000000057,-6.300000000000011,1
22200219,2022-11-16,DEN,NYK,0.7,117.0,113.16,3.8400000000000034,0.4,111.8,117.36,-5.560000000000002,0.29999999999999993,5.200000000000003,9.400000000000006,0
22200216,2022-11-16,MIL,CLE,0.7,112.4,109.9,2.5,0.6,115.8,110.5,5.299999999999997,0.09999999999999998,-3.3999999999999915,-2.799999999999997,1
22200230,2022-11-18,DAL,DEN,0.6,103.9,104.7,-0.7999999999999972,0.7,116.3,110.25999999999999,6.040000000000006,-0.09999999999999998,-12.399999999999991,-6.840000000000003,1
22200240,2022-11-20,PHX,NYK,0.5,113.7,110.3,3.4000000000000057,0.5,110.9,114.76,-3.8599999999999994,0.0,2.799999999999997,7.260000000000005,1
22200246,2022-11-20,DAL,DEN,0.7,105.5,102.9,2.5999999999999943,0.6,115.2,113.06,2.1400000000000006,0.09999999999999998,-9.700000000000003,0.45999999999999375,0
22200244,2022-11-20,CLE,MIA,0.5,115.3,112.5,2.799999999999997,0.5,111.7,110.4,1.2999999999999972,0.0,3.5999999999999943,1.5,1
22200252,2022-11-21,MIN,MIA,0.4,113.0,115.9,-2.9000000000000057,0.5,109.1,109.8,-0.7000000000000028,-0.09999999999999998,3.9000000000000057,-2.200000000000003,1
22200254,2022-11-21,OKC,NYK,0.4,118.5,120.1,-1.5999999999999943,0.5,110.5,115.16,-4.659999999999997,-0.09999999999999998,8.0,3.0600000000000023,0
22200264,2022-11-23,BOS,DAL,0.9,121.7,113.26,8.439999999999998,0.6,103.8,102.2,1.5999999999999943,0.30000000000000004,17.900000000000006,6.840000000000003,1
22200268,2022-11-23,OKC,DEN,0.3,118.8,122.2,-3.4000000000000057,0.6,113.1,111.55999999999999,1.5400000000000063,-0.3,5.700000000000003,-4.940000000000012,0
22200280,2022-11-25,MIL,CLE,0.5,110.3,111.39999999999999,-1.0999999999999943,0.5,114.7,110.52000000000001,4.179999999999993,0.0,-4.400000000000006,-5.279999999999987,1
22200298,2022-11-27,MIL,DAL,0.5,110.5,111.4,-0.9000000000000057,0.4,103.6,104.19999999999999,-0.5999999999999943,0.09999999999999998,6.900000000000006,-0.30000000000001137,1
22200314,2022-11-30,BOS,MIA,0.9,124.1,111.5,12.599999999999994,0.6,108.9,108.60000000000001,0.29999999999999716,0.30000000000000004,15.199999999999989,12.299999999999997,1
22200316,2022-11-30,NYK,MIL,0.5,119.7,118.60000000000001,1.0999999999999943,0.5,112.1,113.5,-1.4000000000000057,0.0,7.6000000000000085,2.5,0
22200328,2022-12-02,BOS,MIA,0.9,124.4,112.4,12.0,0.5,109.3,110.8,-1.5,0.4,15.100000000000009,13.5,0
22200341,2022-12-03,MIN,OKC,0.6,114.8,114.7,0.09999999999999432,0.4,119.1,121.5,-2.4000000000000057,0.19999999999999996,-4.299999999999997,2.5,0
22200337,2022-12-03,NYK,DAL,0.4,117.9,118.30000000000001,-0.4000000000000057,0.4,110.4,110.9,-0.5,0.0,7.5,0.09999999999999432,0
22200348,2022-12-04,NYK,CLE,0.4,114.4,115.9,-1.5,0.7,108.3,101.62,6.679999999999993,-0.29999999999999993,6.1000000000000085,-8.179999999999993,1
22200358,2022-12-05,DAL,PHX,0.4,110.8,109.7,1.0999999999999943,0.8,122.3,111.39999999999999,10.900000000000006,-0.4,-11.5,-9.800000000000011,1
22200362,2022-12-06,DEN,DAL,0.5,111.7,112.10000000000001,-0.4000000000000057,0.4,113.5,110.7,2.799999999999997,0.09999999999999998,-1.7999999999999972,-3.200000000000003,0
22200373,2022-12-07,PHX,BOS,0.7,120.4,112.5,7.900000000000006,0.8,121.0,111.5,9.5,-0.10000000000000009,-0.5999999999999943,-1.5999999999999943,0
22200386,2022-12-09,DAL,MIL,0.5,115.9,112.10000000000001,3.799999999999997,0.7,115.3,110.3,5.0,-0.19999999999999996,0.6000000000000085,-1.2000000000000028,0
22200390,2022-12-10,CLE,OKC,0.6,103.2,99.42,3.780000000000001,0.4,116.1,119.89999999999999,-3.799999999999997,0.19999999999999996,-12.899999999999991,7.579999999999998,1
22200405,2022-12-12,DAL,OKC,0.4,115.5,117.4,-1.9000000000000057,0.4,115.3,118.8,-3.5,0.0,0.20000000000000284,1.5999999999999943,1
22200419,2022-12-14,OKC,MIA,0.4,114.8,118.0,-3.200000000000003,0.6,107.2,108.4,-1.2000000000000028,-0.19999999999999996,7.599999999999994,-2.0,0
22200421,2022-12-14,DAL,CLE,0.5,116.4,116.30000000000001,0.09999999999999432,0.5,102.5,100.6,1.9000000000000057,0.0,13.900000000000006,-1.8000000000000114,0
22200435,2022-12-16,OKC,MIN,0.4,113.0,115.9,-2.9000000000000057,0.3,114.3,120.39999999999999,-6.099999999999994,0.10000000000000003,-1.2999999999999972,3.1999999999999886,0
22200440,2022-12-17,CLE,DAL,0.6,104.4,99.7,4.700000000000003,0.6,116.9,114.9,2.0,0.0,-12.5,2.700000000000003,1
22200456,2022-12-19,MIN,DAL,0.5,118.3,119.3,-1.0,0.5,115.2,113.60000000000001,1.5999999999999943,0.0,3.0999999999999943,-2.5999999999999943,1
22200473,2022-12-21,MIN,DAL,0.6,117.2,115.7,1.5,0.5,113.3,112.1,1.2000000000000028,0.09999999999999998,3.9000000000000057,0.29999999999999716,0
22200466,2022-12-21,CLE,MIL,0.7,106.5,101.0,5.5,0.7,114.7,111.5,3.200000000000003,0.0,-8.200000000000003,2.299999999999997,1
22200482,2022-12-23,BOS,MIN,0.4,109.5,110.3,-0.7999999999999972,0.5,116.2,116.0,0.20000000000000284,-0.09999999999999998,-6.700000000000003,-1.0,1
22200497,2022-12-25,DEN,PHX,0.6,115.9,115.10000000000001,0.7999999999999972,0.3,111.6,117.39999999999999,-5.799999999999997,0.3,4.300000000000011,6.599999999999994,1
22200495,2022-12-25,BOS,MIL,0.5,110.0,109.2,0.7999999999999972,0.6,111.9,111.80000000000001,0.09999999999999432,-0.09999999999999998,-1.9000000000000057,0.7000000000000028,1
22200500,2022-12-26,MIA,MIN,0.5,104.5,106.5,-2.0,0.5,114.3,114.6,-0.29999999999999716,0.0,-9.799999999999997,-1.7000000000000028,1
22200512,2022-12-27,DAL,NYK,0.5,110.6,111.5,-0.9000000000000057,0.7,116.4,105.10000000000001,11.299999999999997,-0.19999999999999996,-5.800000000000011,-12.200000000000003,1
22200535,2022-12-30,DEN,MIA,0.8,119.6,115.5,4.099999999999994,0.7,108.1,105.6,2.5,0.10000000000000009,11.5,1.5999999999999943,1
22200533,2022-12-30,MIL,MIN,0.4,111.5,116.1,-4.599999999999994,0.3,113.2,115.5,-2.299999999999997,0.10000000000000003,-1.7000000000000028,-2.299999999999997,1
22200549,2023-01-01,DEN,BOS,0.8,119.9,115.4,4.5,0.5,113.7,112.2,1.5,0.30000000000000004,6.200000000000003,3.0,1
22200557,2023-01-02,MIN,DEN,0.3,112.0,113.7,-1.7000000000000028,0.8,120.7,115.5,5.200000000000003,-0.5,-8.700000000000003,-6.900000000000006,1
22200550,2023-01-02,NYK,PHX,0.5,116.2,109.7,6.5,0.4,112.2,113.8,-1.5999999999999943,0.09999999999999998,4.0,8.099999999999994,1
22200562,2023-01-03,OKC,BOS,0.4,113.5,114.9,-1.4000000000000057,0.5,114.1,112.19999999999999,1.9000000000000057,-0.09999999999999998,-0.5999999999999943,-3.3000000000000114,1
22200565,2023-01-04,CLE,PHX,0.7,115.7,112.0,3.700000000000003,0.4,110.8,112.89999999999999,-2.0999999999999943,0.29999999999999993,4.900000000000006,5.799999999999997,1
22200577,2023-01-05,DAL,BOS,0.8,116.7,111.2,5.5,0.5,116.5,115.9,0.5999999999999943,0.30000000000000004,0.20000000000000284,4.900000000000006,0
22200588,2023-01-06,DEN,CLE,0.8,119.1,111.6,7.5,0.7,114.2,111.8,2.4000000000000057,0.10000000000000009,4.8999999999999915,5.099999999999994,1
22200589,2023-01-06,PHX,MIA,0.3,108.5,112.4,-3.9000000000000057,0.6,112.2,110.0,2.200000000000003,-0.3,-3.700000000000003,-6.1000000000000085,0
22200602,2023-01-08,OKC,DAL,0.6,119.5,115.9,3.5999999999999943,0.8,116.0,114.3,1.7000000000000028,-0.20000000000000007,3.5,1.8999999999999915,1
22200603,2023-01-08,PHX,CLE,0.2,106.3,111.39999999999999,-5.099999999999994,0.6,113.2,112.7,0.5,-0.39999999999999997,-6.900000000000006,-5.599999999999994,0
22200607,2023-01-09,NYK,MIL,0.5,114.2,108.5,5.700000000000003,0.4,111.9,119.30000000000001,-7.400000000000006,0.09999999999999998,2.299999999999997,13.100000000000009,0
22200611,2023-01-10,MIA,OKC,0.5,110.5,108.9,1.5999999999999943,0.6,120.0,115.9,4.099999999999994,-0.09999999999999998,-9.5,-2.5,1
22200624,2023-01-11,DEN,PHX,0.8,121.0,112.7,8.299999999999997,0.2,104.6,112.19999999999999,-7.599999999999994,0.6000000000000001,16.400000000000006,15.899999999999991,1
22200628,2023-01-12,MIA,MIL,0.6,111.4,108.7,2.700000000000003,0.5,111.0,117.2,-6.200000000000003,0.09999999999999998,0.4000000000000057,8.900000000000006,1
22200637,2023-01-13,MIN,PHX,0.4,114.2,115.5,-1.2999999999999972,0.2,104.3,112.3,-8.0,0.2,9.900000000000006,6.700000000000003,1
22200641,2023-01-14,MIA,MIL,0.7,111.4,107.80000000000001,3.5999999999999943,0.5,111.2,116.2,-5.0,0.19999999999999996,0.20000000000000284,8.599999999999994,1
22200645,2023-01-14,MIN,CLE,0.5,115.4,115.0,0.4000000000000057,0.5,114.1,115.0,-0.9000000000000057,0.0,1.3000000000000114,1.3000000000000114,1
22200676,2023-01-18,DEN,MIN,0.9,120.5,109.1,11.400000000000006,0.6,116.1,114.6,1.5,0.30000000000000004,4.400000000000006,9.900000000000006,1
22200686,2023-01-20,DAL,MIA,0.4,115.2,122.60000000000001,-7.400000000000006,0.7,111.8,106.0,5.799999999999997,-0.29999999999999993,3.4000000000000057,-13.200000000000003,1
22200695,2023-01-21,CLE,MIL,0.5,113.1,111.8,1.2999999999999972,0.6,111.5,114.2,-2.700000000000003,-0.09999999999999998,1.5999999999999943,4.0,1
22200702,2023-01-22,DEN,OKC,0.9,121.4,109.0,12.400000000000006,0.7,123.1,112.39999999999999,10.700000000000003,0.20000000000000007,-1.6999999999999886,1.7000000000000028,0
22200714,2023-01-24,MIA,BOS,0.6,107.2,104.8,2.4000000000000057,0.9,116.3,108.1,8.200000000000003,-0.30000000000000004,-9.099999999999994,-5.799999999999997,1
22200715,2023-01-24,NYK,CLE,0.5,115.0,116.1,-1.0999999999999943,0.5,110.0,108.6,1.4000000000000057,0.0,5.0,-2.5,1
22200723,2023-01-25,MIL,DEN,0.6,114.9,115.5,-0.5999999999999943,0.9,117.9,107.4,10.5,-0.30000000000000004,-3.0,-11.099999999999994,1
22200730,2023-01-26,BOS,NYK,0.8,113.4,108.4,5.0,0.5,113.8,115.0,-1.2000000000000028,0.30000000000000004,-0.3999999999999915,6.200000000000003,0
22200734,2023-01-26,PHX,DAL,0.5,110.7,113.8,-3.0999999999999943,0.3,115.9,120.0,-4.099999999999994,0.2,-5.200000000000003,1.0,0
22200739,2023-01-27,OKC,CLE,0.7,119.9,111.7,8.200000000000003,0.5,111.8,107.7,4.099999999999994,0.19999999999999996,8.100000000000009,4.1000000000000085,1
22200764,2023-01-31,CLE,MIA,0.5,111.4,107.4,4.0,0.7,108.3,106.0,2.299999999999997,-0.19999999999999996,3.1000000000000085,1.7000000000000028,0
22200780,2023-02-02,NYK,MIA,0.4,115.8,118.6,-2.799999999999997,0.7,107.1,104.6,2.5,-0.29999999999999993,8.700000000000003,-5.299999999999997,1
22200788,2023-02-03,BOS,PHX,0.7,116.2,109.3,6.900000000000006,0.6,112.8,113.8,-1.0,0.09999999999999998,3.4000000000000057,7.900000000000006,0
22200797,2023-02-04,MIL,MIA,0.8,122.2,115.60000000000001,6.599999999999994,0.6,106.7,105.0,1.7000000000000028,0.20000000000000007,15.5,4.8999999999999915,1
22200806,2023-02-05,MIN,DEN,0.6,116.2,114.2,2.0,0.7,117.8,111.2,6.599999999999994,-0.09999999999999998,-1.5999999999999943,-4.599999999999994,1
22200820,2023-02-07,DEN,MIN,0.6,115.4,112.7,2.700000000000003,0.7,117.2,111.8,5.400000000000006,-0.09999999999999998,-1.7999999999999972,-2.700000000000003,1
22200865,2023-02-13,DAL,MIN,0.6,114.4,112.2,2.200000000000003,0.6,117.9,116.10000000000001,1.7999999999999972,0.0,-3.5,0.4000000000000057,0
22200861,2023-02-13,MIA,DEN,0.7,106.4,105.30000000000001,1.0999999999999943,0.6,116.8,112.89999999999999,3.9000000000000057,0.09999999999999998,-10.399999999999991,-2.8000000000000114,0
22200869,2023-02-14,MIL,BOS,1.0,124.7,112.5,12.200000000000003,0.6,113.1,107.8,5.299999999999997,0.4,11.600000000000009,6.900000000000006,1
22200881,2023-02-15,DEN,DAL,0.6,118.1,113.89999999999999,4.200000000000003,0.6,113.9,111.9,2.0,0.0,4.199999999999989,2.200000000000003,1
22200886,2023-02-23,CLE,DEN,0.8,114.0,101.4,12.599999999999994,0.7,120.0,114.1,5.900000000000006,0.10000000000000009,-6.0,6.699999999999989,0
22200899,2023-02-24,PHX,OKC,0.7,113.1,110.69999999999999,2.4000000000000057,0.5,122.8,118.0,4.799999999999997,0.19999999999999996,-9.700000000000003,-2.3999999999999915,1
22200897,2023-02-24,MIL,MIA,1.0,123.3,112.1,11.200000000000003,0.5,107.9,109.0,-1.0999999999999943,0.5,15.399999999999991,12.299999999999997,1
22200910,2023-02-26,MIL,PHX,1.0,122.0,108.9,13.099999999999994,0.7,112.7,110.4,2.299999999999997,0.30000000000000004,9.299999999999997,10.799999999999997,1
22200921,2023-02-27,NYK,BOS,0.8,116.7,109.4,7.299999999999997,0.8,120.0,111.0,9.0,0.0,-3.299999999999997,-1.7000000000000028,1
22200935,2023-03-01,BOS,CLE,0.7,115.5,112.3,3.200000000000003,0.7,113.9,104.60000000000001,9.299999999999997,0.0,1.5999999999999943,-6.099999999999994,1
22200949,2023-03-03,MIA,NYK,0.4,104.7,111.4,-6.700000000000003,0.9,118.4,106.80000000000001,11.599999999999994,-0.5,-13.700000000000003,-18.299999999999997,0
22200962,2023-03-05,DAL,PHX,0.5,121.9,118.10000000000001,3.799999999999997,0.7,113.8,107.1,6.700000000000003,-0.19999999999999996,8.100000000000009,-2.9000000000000057,0
22200969,2023-03-05,BOS,NYK,0.7,117.2,114.60000000000001,2.5999999999999943,0.9,119.8,109.1,10.700000000000003,-0.20000000000000007,-2.5999999999999943,-8.100000000000009,0
22200971,2023-03-06,CLE,BOS,0.6,113.0,105.9,7.099999999999994,0.6,119.5,117.8,1.7000000000000028,0.0,-6.5,5.3999999999999915,1
22200987,2023-03-08,MIA,CLE,0.4,108.6,114.39999999999999,-5.799999999999997,0.6,113.5,108.8,4.700000000000003,-0.19999999999999996,-4.900000000000006,-10.5,0
22200990,2023-03-08,PHX,OKC,0.7,115.2,109.7,5.5,0.4,121.2,116.3,4.900000000000006,0.29999999999999993,-6.0,0.5999999999999943,1
22201000,2023-03-10,MIA,CLE,0.3,107.9,114.5,-6.599999999999994,0.6,112.1,108.1,4.0,-0.3,-4.199999999999989,-10.599999999999994,1
22201033,2023-03-14,PHX,MIL,0.6,117.5,111.7,5.799999999999997,0.8,123.7,115.0,8.700000000000003,-0.20000000000000007,-6.200000000000003,-2.9000000000000057,0
22201039,2023-03-15,MIN,BOS,0.5,115.6,115.8,-0.20000000000000284,0.5,116.9,116.0,0.9000000000000057,0.0,-1.3000000000000114,-1.1000000000000085,0
22201055,2023-03-18,NYK,DEN,0.7,118.4,112.2,6.200000000000003,0.5,115.7,115.0,0.7000000000000028,0.19999999999999996,2.700000000000003,5.5,1
22201064,2023-03-19,OKC,PHX,0.6,117.5,114.9,2.5999999999999943,0.6,116.8,112.1,4.700000000000003,0.0,0.7000000000000028,-2.1000000000000085,1
22201073,2023-03-20,NYK,MIN,0.7,117.2,112.60000000000001,4.599999999999994,0.4,115.3,116.7,-1.4000000000000057,0.29999999999999993,1.9000000000000057,6.0,0
22201084,2023-03-22,MIA,NYK,0.6,116.8,115.1,1.7000000000000028,0.6,119.7,117.2,2.5,0.0,-2.9000000000000057,-0.7999999999999972,1
22201109,2023-03-25,DEN,MIL,0.5,113.2,112.4,0.7999999999999972,0.8,124.9,116.0,8.900000000000006,-0.30000000000000004,-11.700000000000003,-8.100000000000009,1
22201144,2023-03-29,PHX,MIN,0.4,118.3,117.0,1.2999999999999972,0.5,117.6,119.0,-1.4000000000000057,-0.09999999999999998,0.7000000000000028,2.700000000000003,1
22201138,2023-03-29,NYK,MIA,0.4,116.5,115.8,0.7000000000000028,0.5,112.0,114.7,-2.700000000000003,-0.09999999999999998,4.5,3.4000000000000057,1
22201146,2023-03-30,MIL,BOS,0.7,126.1,119.5,6.599999999999994,0.7,120.5,108.8,11.700000000000003,0.0,5.599999999999994,-5.1000000000000085,0
22201154,2023-03-31,CLE,NYK,0.7,113.6,107.69999999999999,5.900000000000006,0.5,116.1,113.8,2.299999999999997,0.19999999999999996,-2.5,3.6000000000000085,0
22201160,2023-03-31,PHX,DEN,0.4,115.8,116.89999999999999,-1.0999999999999943,0.5,113.8,112.1,1.7000000000000028,-0.09999999999999998,2.0,-2.799999999999997,1
22201161,2023-04-01,MIA,DAL,0.5,111.2,114.4,-3.200000000000003,0.3,112.5,114.0,-1.5,0.2,-1.2999999999999972,-1.7000000000000028,1
22201172,2023-04-02,OKC,PHX,0.5,114.9,117.4,-2.5,0.5,113.9,113.4,0.5,0.0,1.0,-3.0,0
22201201,2023-04-06,PHX,DEN,0.7,116.6,110.69999999999999,5.900000000000006,0.6,109.6,108.0,1.5999999999999943,0.09999999999999998,7.0,4.300000000000011,1
22300065,2023-10-25,NYK,BOS,0.5,122.5,119.3,3.200000000000003,0.8,120.1,105.19999999999999,14.900000000000006,-0.30000000000000004,2.4000000000000057,-11.700000000000003,0
22300081,2023-10-27,CLE,OKC,0.7,113.2,109.5,3.700000000000003,0.5,118.3,115.8,2.5,0.19999999999999996,-5.099999999999994,1.2000000000000028,0
22300080,2023-10-27,BOS,MIA,0.8,117.7,104.7,13.0,0.6,112.1,111.0,1.0999999999999943,0.20000000000000007,5.6000000000000085,11.900000000000006,1
22300093,2023-10-28,MIN,MIA,0.6,112.4,111.0,1.4000000000000057,0.5,110.5,110.9,-0.4000000000000057,0.09999999999999998,1.9000000000000057,1.8000000000000114,1
22300095,2023-10-29,OKC,DEN,0.6,118.0,114.7,3.299999999999997,0.5,107.7,109.5,-1.7999999999999972,0.09999999999999998,10.299999999999997,5.099999999999994,0
22300107,2023-10-30,MIL,MIA,0.6,118.3,121.89999999999999,-3.5999999999999943,0.5,109.5,108.6,0.9000000000000057,0.09999999999999998,8.799999999999997,-4.5,1
22300112,2023-10-31,CLE,NYK,0.5,111.9,110.5,1.4000000000000057,0.6,118.2,113.9,4.299999999999997,-0.09999999999999998,-6.299999999999997,-2.8999999999999915,0
22300120,2023-11-01,NYK,CLE,0.6,115.4,111.5,3.9000000000000057,0.4,110.2,112.3,-2.0999999999999943,0.19999999999999996,5.200000000000003,6.0,0
22300123,2023-11-01,MIN,DEN,0.5,111.9,110.7,1.2000000000000028,0.6,111.1,107.39999999999999,3.700000000000003,-0.09999999999999998,0.8000000000000114,-2.5,1
22300006,2023-11-03,DEN,DAL,0.6,110.7,108.4,2.299999999999997,0.5,120.2,120.3,-0.09999999999999432,0.09999999999999998,-9.5,2.3999999999999915,1
22300002,2023-11-03,MIL,NYK,0.5,114.1,121.0,-6.900000000000006,0.5,114.2,111.8,2.4000000000000057,0.0,-0.10000000000000853,-9.300000000000011,1
22300154,2023-11-06,MIN,BOS,0.6,113.3,106.89999999999999,6.400000000000006,0.9,119.3,106.6,12.700000000000003,-0.30000000000000004,-6.0,-6.299999999999997,1
22300167,2023-11-08,OKC,CLE,0.6,117.6,115.3,2.299999999999997,0.5,107.9,108.2,-0.29999999999999716,0.09999999999999998,9.699999999999989,2.5999999999999943,1
22300185,2023-11-12,PHX,OKC,0.4,113.3,112.89999999999999,0.4000000000000057,0.6,116.3,114.39999999999999,1.9000000000000057,-0.19999999999999996,-3.0,-1.5,0
22300188,2023-11-13,BOS,NYK,0.8,120.2,107.5,12.700000000000003,0.5,112.2,107.0,5.200000000000003,0.30000000000000004,8.0,7.5,1
22300197,2023-11-15,PHX,MIN,0.4,111.8,112.1,-0.29999999999999716,0.8,111.9,102.9,9.0,-0.4,-0.10000000000000853,-9.299999999999997,1
22300205,2023-11-18,MIL,DAL,0.7,118.9,115.0,3.9000000000000057,0.7,123.0,118.5,4.5,0.0,-4.099999999999994,-0.5999999999999943,1
22300210,2023-11-19,CLE,DEN,0.5,110.5,111.3,-0.7999999999999972,0.7,114.2,107.3,6.900000000000006,-0.19999999999999996,-3.700000000000003,-7.700000000000003,1
22300221,2023-11-20,MIN,NYK,0.8,115.5,109.5,6.0,0.7,112.5,104.0,8.5,0.10000000000000009,3.0,-2.5,1
22300229,2023-11-22,CLE,MIA,0.7,114.4,110.7,3.700000000000003,0.8,112.5,107.6,4.900000000000006,-0.10000000000000009,1.9000000000000057,-1.2000000000000028,0
22300228,2023-11-22,BOS,MIL,0.7,113.3,106.6,6.700000000000003,0.8,123.0,116.0,7.0,-0.10000000000000009,-9.700000000000003,-0.29999999999999716,1
22300045,2023-11-24,NYK,MIA,0.6,111.6,106.6,5.0,0.9,114.9,106.30000000000001,8.599999999999994,-0.30000000000000004,-3.3000000000000114,-3.5999999999999943,1
22300247,2023-11-26,NYK,PHX,0.7,112.7,106.9,5.799999999999997,0.8,121.1,114.5,6.599999999999994,-0.10000000000000009,-8.399999999999991,-0.7999999999999972,0
22300056,2023-11-28,MIA,MIL,0.7,111.5,105.4,6.099999999999994,0.7,122.6,116.1,6.5,0.0,-11.099999999999994,-0.4000000000000057,0
22300058,2023-11-28,MIN,OKC,0.8,115.4,109.5,5.900000000000006,0.8,121.7,108.0,13.700000000000003,0.0,-6.299999999999997,-7.799999999999997,1
22300279,2023-12-01,PHX,DEN,0.7,119.6,114.89999999999999,4.700000000000003,0.5,112.5,113.1,-0.5999999999999943,0.19999999999999996,7.099999999999994,5.299999999999997,0
22300287,2023-12-02,DAL,OKC,0.5,116.5,119.0,-2.5,0.7,119.9,105.9,14.0,-0.19999999999999996,-3.4000000000000057,-16.5,0
22301201,2023-12-05,MIL,NYK,0.8,126.3,117.89999999999999,8.400000000000006,0.7,112.1,107.5,4.599999999999994,0.10000000000000009,14.200000000000003,3.8000000000000114,1
22301220,2023-12-08,MIA,CLE,0.5,116.8,113.5,3.299999999999997,0.7,112.1,110.0,2.0999999999999943,-0.19999999999999996,4.700000000000003,1.2000000000000028,0
22301227,2023-12-08,BOS,NYK,0.7,113.4,110.30000000000001,3.0999999999999943,0.7,114.5,110.7,3.799999999999997,0.0,-1.0999999999999943,-0.7000000000000028,1
22300305,2023-12-12,BOS,CLE,0.7,115.0,111.9,3.0999999999999943,0.6,109.7,109.4,0.29999999999999716,0.09999999999999998,5.299999999999997,2.799999999999997,1
22300321,2023-12-14,DAL,MIN,0.6,115.9,113.30000000000001,2.5999999999999943,0.8,112.5,104.8,7.700000000000003,-0.20000000000000007,3.4000000000000057,-5.1000000000000085,0
22300319,2023-12-14,BOS,CLE,0.7,116.2,112.7,3.5,0.5,108.8,109.5,-0.7000000000000028,0.19999999999999996,7.400000000000006,4.200000000000003,1
22300333,2023-12-15,PHX,NYK,0.5,112.1,110.89999999999999,1.2000000000000028,0.5,115.9,116.60000000000001,-0.7000000000000028,0.0,-3.8000000000000114,1.9000000000000057,0
22300340,2023-12-16,DEN,OKC,0.7,119.0,113.6,5.400000000000006,0.6,123.1,115.0,8.099999999999994,0.09999999999999998,-4.099999999999994,-2.6999999999999886,0
22300356,2023-12-18,DEN,DAL,0.6,117.5,113.4,4.099999999999994,0.6,117.4,114.2,3.200000000000003,0.0,0.09999999999999432,0.8999999999999915,1
22300353,2023-12-18,MIA,MIN,0.5,116.8,119.1,-2.299999999999997,0.8,114.2,105.9,8.299999999999997,-0.30000000000000004,2.5999999999999943,-10.599999999999994,0
22300388,2023-12-23,NYK,MIL,0.6,122.7,122.10000000000001,0.5999999999999943,0.8,130.7,121.19999999999999,9.5,-0.20000000000000007,-7.999999999999986,-8.900000000000006,0
22300401,2023-12-25,NYK,MIL,0.5,122.0,123.9,-1.9000000000000057,0.9,132.4,120.30000000000001,12.099999999999994,-0.4,-10.400000000000006,-14.0,1
22300405,2023-12-25,PHX,DAL,0.3,111.0,115.6,-4.599999999999994,0.6,120.6,117.69999999999999,2.9000000000000057,-0.3,-9.599999999999994,-7.5,0
22300411,2023-12-26,OKC,MIN,0.7,124.3,118.2,6.099999999999994,0.8,115.8,108.89999999999999,6.900000000000006,-0.10000000000000009,8.5,-0.8000000000000114,1
22300420,2023-12-27,DAL,CLE,0.6,118.7,119.4,-0.7000000000000028,0.6,114.5,113.3,1.2000000000000028,0.0,4.200000000000003,-1.9000000000000057,0
22300419,2023-12-27,OKC,NYK,0.7,123.9,117.80000000000001,6.099999999999994,0.5,123.0,125.5,-2.5,0.19999999999999996,0.9000000000000057,8.599999999999994,1
22300423,2023-12-28,MIN,DAL,0.7,114.1,110.1,4.0,0.5,117.2,119.5,-2.299999999999997,0.19999999999999996,-3.1000000000000085,6.299999999999997,1
22300433,2023-12-29,CLE,MIL,0.6,113.7,113.2,0.5,0.8,131.2,121.1,10.099999999999994,-0.20000000000000007,-17.499999999999986,-9.599999999999994,0
22300435,2023-12-29,DEN,OKC,0.9,121.3,108.6,12.700000000000003,0.7,124.2,117.8,6.400000000000006,0.20000000000000007,-2.9000000000000057,6.299999999999997,0
22300451,2024-01-01,NYK,MIN,0.4,120.3,123.2,-2.9000000000000057,0.7,113.8,112.0,1.7999999999999972,-0.29999999999999993,6.5,-4.700000000000003,1
22300462,2024-01-02,OKC,BOS,0.8,124.6,113.3,11.299999999999997,0.9,128.1,113.0,15.099999999999994,-0.09999999999999998,-3.5,-3.799999999999997,1
22300489,2024-01-05,PHX,MIA,0.5,116.2,116.3,-0.09999999999999432,0.6,113.5,112.0,1.5,-0.09999999999999998,2.700000000000003,-1.5999999999999943,1
22300501,2024-01-07,DAL,MIN,0.5,118.6,115.5,3.0999999999999943,0.6,111.9,111.30000000000001,0.5999999999999943,-0.09999999999999998,6.699999999999989,2.5,1
22300517,2024-01-10,BOS,MIN,0.8,129.5,114.1,15.400000000000006,0.6,111.5,108.5,3.0,0.20000000000000007,18.0,12.400000000000006,1
22300522,2024-01-10,MIA,OKC,0.6,111.8,110.6,1.2000000000000028,0.7,127.1,118.69999999999999,8.400000000000006,-0.09999999999999998,-15.299999999999997,-7.200000000000003,0
22300528,2024-01-11,MIL,BOS,0.5,122.5,121.6,0.9000000000000057,0.8,127.8,114.2,13.599999999999994,-0.30000000000000004,-5.299999999999997,-12.699999999999989,1
22300530,2024-01-11,DAL,NYK,0.6,119.7,114.10000000000001,5.599999999999994,0.6,118.3,112.5,5.799999999999997,0.0,1.4000000000000057,-0.20000000000000284,1
22300572,2024-01-17,CLE,MIL,0.7,114.9,107.0,7.900000000000006,0.6,126.2,122.4,3.799999999999997,0.09999999999999998,-11.299999999999997,4.1000000000000085,1
22300586,2024-01-19,BOS,DEN,0.7,122.8,112.1,10.700000000000003,0.6,120.1,115.19999999999999,4.900000000000006,0.09999999999999998,2.700000000000003,5.799999999999997,0
22300599,2024-01-20,MIN,OKC,0.6,114.2,107.60000000000001,6.599999999999994,0.6,125.1,118.19999999999999,6.900000000000006,0.0,-10.899999999999991,-0.30000000000001137,0
22300611,2024-01-22,DAL,BOS,0.6,117.6,116.6,1.0,0.7,118.7,110.2,8.5,-0.09999999999999998,-1.1000000000000085,-7.5,0
22300624,2024-01-24,MIL,CLE,0.6,124.4,125.2,-0.7999999999999972,0.8,120.0,103.1,16.900000000000006,-0.20000000000000007,4.400000000000006,-17.700000000000003,1
22300625,2024-01-24,DAL,PHX,0.5,115.4,116.30000000000001,-0.9000000000000057,0.7,118.9,116.08000000000001,2.819999999999993,-0.19999999999999996,-3.5,-3.719999999999999,0
22300630,2024-01-25,MIA,BOS,0.4,102.4,107.2,-4.799999999999997,0.7,118.0,111.5,6.5,-0.29999999999999993,-15.599999999999994,-11.299999999999997,0
22300631,2024-01-25,NYK,DEN,0.8,114.1,100.69999999999999,13.400000000000006,0.7,118.4,114.80000000000001,3.5999999999999943,0.10000000000000009,-4.300000000000011,9.800000000000011,1
22300639,2024-01-26,MIL,CLE,0.7,124.0,122.6,1.4000000000000057,0.8,120.5,103.8,16.700000000000003,-0.10000000000000009,3.5,-15.299999999999997,0
22300643,2024-01-27,NYK,MIA,0.8,113.5,99.9,13.599999999999994,0.4,103.7,110.2,-6.5,0.4,9.799999999999997,20.099999999999994,1
22300661,2024-01-29,MIA,PHX,0.3,102.6,111.39999999999999,-8.799999999999997,0.7,120.0,116.76,3.239999999999995,-0.39999999999999997,-17.400000000000006,-12.039999999999992,0
22300667,2024-01-29,DEN,MIL,0.7,112.9,112.60000000000001,0.29999999999999716,0.7,124.8,122.2,2.5999999999999943,0.0,-11.899999999999991,-2.299999999999997,1
22300664,2024-01-29,OKC,MIN,0.7,117.1,106.89999999999999,10.200000000000003,0.6,113.5,108.9,4.599999999999994,0.09999999999999998,3.5999999999999943,5.6000000000000085,0
22300682,2024-01-31,OKC,DEN,0.6,113.3,109.89999999999999,3.4000000000000057,0.7,111.1,111.89999999999999,-0.7999999999999972,-0.09999999999999998,2.200000000000003,4.200000000000003,1
22300680,2024-01-31,MIN,DAL,0.7,112.2,106.3,5.900000000000006,0.4,118.7,125.2,-6.5,0.29999999999999993,-6.5,12.400000000000006,1
22300702,2024-02-03,DAL,MIL,0.4,117.1,125.3,-8.200000000000003,0.6,122.0,122.0,0.0,-0.19999999999999996,-4.900000000000006,-8.200000000000003,0
22300725,2024-02-06,PHX,MIL,0.7,123.0,115.3,7.700000000000003,0.5,118.5,120.0,-1.5,0.19999999999999996,4.5,9.200000000000003,1
22300736,2024-02-08,NYK,DAL,0.9,116.2,103.10000000000001,13.099999999999994,0.4,116.4,122.9,-6.5,0.5,-0.20000000000000284,19.599999999999994,0
22300738,2024-02-08,MIL,MIN,0.5,119.6,117.89999999999999,1.7000000000000028,0.5,111.6,105.89999999999999,5.700000000000003,0.0,8.0,-4.0,0
22300748,2024-02-10,DAL,OKC,0.5,117.6,121.0,-3.4000000000000057,0.7,114.8,108.7,6.099999999999994,-0.19999999999999996,2.799999999999997,-9.5,1
22300759,2024-02-11,MIA,BOS,0.4,106.4,110.60000000000001,-4.200000000000003,0.8,121.5,112.9,8.599999999999994,-0.4,-15.099999999999994,-12.799999999999997,0
22300767,2024-02-12,MIL,DEN,0.4,115.8,114.39999999999999,1.4000000000000057,0.7,108.7,110.4,-1.7000000000000028,-0.29999999999999993,7.099999999999994,3.1000000000000085,1
22300773,2024-02-13,MIL,MIA,0.4,114.4,112.30000000000001,2.0999999999999943,0.4,108.3,111.1,-2.799999999999997,0.0,6.1000000000000085,4.8999999999999915,0
22300796,2024-02-22,DAL,PHX,0.7,118.3,112.39999999999999,5.900000000000006,0.7,121.3,113.8,7.5,0.0,-3.0,-1.5999999999999943,1
22300808,2024-02-23,MIN,MIL,0.7,117.9,103.30000000000001,14.599999999999994,0.3,111.0,113.0,-2.0,0.39999999999999997,6.900000000000006,16.599999999999994,0
22300816,2024-02-24,NYK,BOS,0.5,110.0,109.2,0.7999999999999972,0.9,123.4,110.10000000000001,13.299999999999997,-0.4,-13.400000000000006,-12.5,0
22300832,2024-02-27,CLE,DAL,0.7,115.3,106.0,9.299999999999997,0.7,117.1,112.1,5.0,0.0,-1.7999999999999972,4.299999999999997,1
22300855,2024-02-29,DEN,MIA,0.7,113.8,108.7,5.099999999999994,0.8,111.3,101.6,9.700000000000003,-0.10000000000000009,2.5,-4.6000000000000085,1
22300859,2024-03-01,BOS,DAL,0.9,122.0,106.6,15.400000000000006,0.8,122.2,111.7,10.5,0.09999999999999998,-0.20000000000000284,4.900000000000006,1
22300878,2024-03-03,PHX,OKC,0.6,116.6,113.19999999999999,3.4000000000000057,0.7,124.6,117.3,7.299999999999997,-0.09999999999999998,-8.0,-3.8999999999999915,0
22300876,2024-03-03,CLE,NYK,0.6,114.0,109.4,4.599999999999994,0.3,106.1,113.1,-7.0,0.3,7.900000000000006,11.599999999999994,0
22300886,2024-03-05,CLE,BOS,0.5,112.0,110.6,1.4000000000000057,1.0,126.2,105.9,20.299999999999997,-0.5,-14.200000000000003,-18.89999999999999,1
22300893,2024-03-05,DEN,PHX,0.7,113.3,108.7,4.599999999999994,0.5,116.2,114.4,1.7999999999999972,0.19999999999999996,-2.9000000000000057,2.799999999999997,0
22300906,2024-03-07,DEN,BOS,0.6,112.6,109.8,2.799999999999997,0.9,124.1,104.69999999999999,19.400000000000006,-0.30000000000000004,-11.5,-16.60000000000001,1
22300904,2024-03-07,DAL,MIA,0.5,120.9,119.5,1.4000000000000057,0.8,112.8,104.89999999999999,7.900000000000006,-0.30000000000000004,8.100000000000009,-6.5,1
22300914,2024-03-08,OKC,MIA,0.8,123.3,112.2,11.099999999999994,0.7,112.0,105.9,6.099999999999994,0.10000000000000009,11.299999999999997,5.0,1
22300911,2024-03-08,CLE,MIN,0.5,108.6,110.39999999999999,-1.7999999999999972,0.7,112.1,104.19999999999999,7.900000000000006,-0.19999999999999996,-3.5,-9.700000000000003,1
22300920,2024-03-09,PHX,BOS,0.6,115.8,113.6,2.200000000000003,0.8,121.7,103.30000000000001,18.39999999999999,-0.20000000000000007,-5.900000000000006,-16.19999999999999,0
22300934,2024-03-11,CLE,PHX,0.5,108.3,110.7,-2.4000000000000057,0.5,113.5,112.8,0.7000000000000028,0.0,-5.200000000000003,-3.1000000000000085,0
22300949,2024-03-13,MIA,DEN,0.6,109.9,106.9,3.0,0.9,120.9,109.80000000000001,11.099999999999994,-0.30000000000000004,-11.0,-8.099999999999994,0
22300955,2024-03-14,BOS,PHX,0.8,121.4,104.4,17.0,0.5,113.6,113.89999999999999,-0.29999999999999716,0.30000000000000004,7.800000000000011,17.299999999999997,1
22300959,2024-03-14,OKC,DAL,0.7,119.2,110.3,8.900000000000006,0.5,120.4,119.7,0.7000000000000028,0.19999999999999996,-1.2000000000000028,8.200000000000003,1
22300976,2024-03-17,MIL,PHX,0.7,112.3,108.39999999999999,3.9000000000000057,0.6,113.2,112.5,0.7000000000000028,0.09999999999999998,-0.9000000000000057,3.200000000000003,1
22300978,2024-03-17,DAL,DEN,0.5,121.2,119.0,2.200000000000003,0.9,116.9,107.0,9.900000000000006,-0.4,4.299999999999997,-7.700000000000003,1
22300995,2024-03-19,MIN,DEN,0.6,111.4,107.60000000000001,3.799999999999997,0.8,115.5,107.4,8.099999999999994,-0.20000000000000007,-4.099999999999994,-4.299999999999997,0
22300996,2024-03-20,CLE,MIA,0.5,106.6,107.89999999999999,-1.2999999999999972,0.4,104.8,105.8,-1.0,0.09999999999999998,1.7999999999999972,-0.29999999999999716,0
22300998,2024-03-20,BOS,MIL,0.8,122.8,104.1,18.700000000000003,0.7,114.4,111.5,2.9000000000000057,0.10000000000000009,8.399999999999991,15.799999999999997,1
22301009,2024-03-21,DEN,NYK,0.8,115.3,109.0,6.299999999999997,0.6,99.7,96.7,3.0,0.20000000000000007,15.599999999999994,3.299999999999997,1
22301014,2024-03-22,MIN,CLE,0.5,111.6,109.0,2.5999999999999943,0.4,106.0,108.6,-2.5999999999999943,0.09999999999999998,5.599999999999994,5.199999999999989,1
22301030,2024-03-24,MIL,OKC,0.6,114.4,116.10000000000001,-1.7000000000000028,0.8,117.8,110.1,7.700000000000003,-0.20000000000000007,-3.3999999999999915,-9.400000000000006,1
22301029,2024-03-24,MIA,CLE,0.4,102.0,105.0,-3.0,0.4,105.3,108.3,-3.0,0.0,-3.299999999999997,0.0,1
22301059,2024-03-27,DEN,PHX,0.9,117.4,107.60000000000001,9.799999999999997,0.6,116.8,113.1,3.700000000000003,0.30000000000000004,0.6000000000000085,6.099999999999994,0
22301071,2024-03-29,DEN,MIN,0.8,115.6,107.1,8.5,0.7,111.3,105.5,5.799999999999997,0.10000000000000009,4.299999999999997,2.700000000000003,0
22301069,2024-03-29,OKC,PHX,0.7,116.6,111.69999999999999,4.900000000000006,0.6,115.2,111.5,3.700000000000003,0.09999999999999998,1.3999999999999915,1.2000000000000028,1
22301082,2024-03-31,NYK,OKC,0.7,110.1,99.0,11.099999999999994,0.7,118.7,112.0,6.700000000000003,0.0,-8.600000000000009,4.3999999999999915,0
22301077,2024-03-31,DEN,CLE,0.7,111.2,106.10000000000001,5.099999999999994,0.4,106.0,108.8,-2.799999999999997,0.29999999999999993,5.200000000000003,7.8999999999999915,1
22301096,2024-04-02,MIA,NYK,0.6,106.0,99.5,6.5,0.7,114.0,102.4,11.599999999999994,-0.09999999999999998,-8.0,-5.099999999999994,1
22301105,2024-04-03,BOS,OKC,0.8,121.3,108.3,13.0,0.7,117.0,112.7,4.299999999999997,0.10000000000000009,4.299999999999997,8.700000000000003,1
22301110,2024-04-03,PHX,CLE,0.6,115.5,112.6,2.9000000000000057,0.4,106.3,111.89999999999999,-5.599999999999994,0.19999999999999996,9.200000000000003,8.5,1
22301125,2024-04-05,PHX,MIN,0.7,116.5,110.0,6.5,0.8,112.7,100.9,11.799999999999997,-0.10000000000000009,3.799999999999997,-5.299999999999997,1
22301139,2024-04-07,MIL,NYK,0.4,116.3,114.5,1.7999999999999972,0.5,115.0,108.7,6.299999999999997,-0.09999999999999998,1.2999999999999972,-4.5,0
22301148,2024-04-09,MIL,BOS,0.3,113.2,113.8,-0.5999999999999943,0.8,119.7,108.0,11.700000000000003,-0.5,-6.5,-12.299999999999997,1
22301161,2024-04-10,MIA,DAL,0.6,112.7,103.7,9.0,0.9,118.6,105.3,13.299999999999997,-0.30000000000000004,-5.8999999999999915,-4.299999999999997,0
22301164,2024-04-10,DEN,MIN,0.7,114.3,104.2,10.099999999999994,0.8,112.6,102.5,10.099999999999994,-0.10000000000000009,1.7000000000000028,0.0,1
22301167,2024-04-11,BOS,NYK,0.7,116.6,106.5,10.099999999999994,0.6,118.1,108.8,9.299999999999997,0.09999999999999998,-1.5,0.7999999999999972,0
22301179,2024-04-12,OKC,MIL,0.6,116.3,114.1,2.200000000000003,0.4,111.9,109.80000000000001,2.0999999999999943,0.19999999999999996,4.3999999999999915,0.10000000000000853,1
22301194,2024-04-14,MIN,PHX,0.7,112.4,104.60000000000001,7.799999999999997,0.6,108.1,106.1,2.0,0.09999999999999998,4.300000000000011,5.799999999999997,0
22301196,2024-04-14,OKC,DAL,0.6,116.9,113.60000000000001,3.299999999999997,0.8,115.8,105.0,10.799999999999997,-0.20000000000000007,1.1000000000000085,-7.5,1
22400061,2024-10-22,BOS,NYK,0.7,116.7,106.8,9.900000000000006,0.6,115.6,113.0,2.5999999999999943,0.09999999999999998,1.1000000000000085,7.300000000000011,1
22400075,2024-10-24,DEN,OKC,0.6,115.0,106.7,8.299999999999997,0.7,117.8,109.0,8.799999999999997,-0.09999999999999998,-2.799999999999997,-0.5,0
22400095,2024-10-26,PHX,DAL,0.7,112.9,107.4,5.5,0.7,112.5,109.5,3.0,0.0,0.4000000000000057,2.5,1
22400104,2024-10-28,BOS,MIL,0.8,120.1,107.8,12.299999999999997,0.3,108.5,113.5,-5.0,0.5,11.599999999999994,17.299999999999997,1
22400106,2024-10-28,NYK,CLE,0.7,115.0,111.7,3.299999999999997,0.6,117.8,113.2,4.599999999999994,0.09999999999999998,-2.799999999999997,-1.2999999999999972,0
22400114,2024-10-29,MIN,DAL,0.6,113.1,109.3,3.799999999999997,0.7,111.2,110.0,1.2000000000000028,-0.09999999999999998,1.8999999999999915,2.5999999999999943,0
22400122,2024-10-30,MIA,NYK,0.6,110.8,107.8,3.0,0.7,115.5,111.8,3.700000000000003,-0.09999999999999998,-4.700000000000003,-0.7000000000000028,0
22400139,2024-11-01,MIN,DEN,0.5,111.2,112.8,-1.5999999999999943,0.6,117.7,112.10000000000001,5.599999999999994,-0.09999999999999998,-6.5,-7.199999999999989,1
22400145,2024-11-02,MIL,CLE,0.3,108.0,114.8,-6.799999999999997,0.8,121.5,110.4,11.099999999999994,-0.5,-13.5,-17.89999999999999,0
22400154,2024-11-04,CLE,MIL,0.9,121.1,109.69999999999999,11.400000000000006,0.3,108.4,114.0,-5.599999999999994,0.6000000000000001,12.699999999999989,17.0,1
22400177,2024-11-06,DEN,OKC,0.6,119.0,115.5,3.5,1.0,118.0,95.3,22.700000000000003,-0.4,1.0,-19.200000000000003,1
22400178,2024-11-06,PHX,MIA,0.9,115.8,109.6,6.200000000000003,0.6,110.4,107.30000000000001,3.0999999999999943,0.30000000000000004,5.3999999999999915,3.1000000000000085,1
22400194,2024-11-08,DEN,MIA,0.6,119.8,117.0,2.799999999999997,0.5,109.9,107.7,2.200000000000003,0.09999999999999998,9.899999999999991,0.5999999999999943,1
22400189,2024-11-08,NYK,MIL,0.6,114.2,111.0,3.200000000000003,0.2,110.0,116.6,-6.599999999999994,0.39999999999999997,4.200000000000003,9.799999999999997,1
22400190,2024-11-08,DAL,PHX,0.5,108.3,110.7,-2.4000000000000057,0.9,114.9,110.0,4.900000000000006,-0.4,-6.6000000000000085,-7.300000000000011,0
22400202,2024-11-10,MIL,BOS,0.2,108.7,115.7,-7.0,0.8,120.9,109.9,11.0,-0.6000000000000001,-12.200000000000003,-18.0,0
22400206,2024-11-10,MIN,MIA,0.6,115.0,111.4,3.5999999999999943,0.5,112.9,110.10000000000001,2.799999999999997,0.09999999999999998,2.0999999999999943,0.7999999999999972,0
22400208,2024-11-10,DEN,DAL,0.7,121.3,117.1,4.200000000000003,0.5,110.7,111.4,-0.7000000000000028,0.19999999999999996,10.599999999999994,4.900000000000006,1
22400018,2024-11-15,OKC,PHX,0.8,118.1,106.3,11.799999999999997,0.8,114.0,113.0,1.0,0.0,4.099999999999994,10.799999999999997,1
22400242,2024-11-17,OKC,DAL,0.8,115.2,104.2,11.0,0.4,114.9,110.4,4.5,0.4,0.29999999999999716,6.5,0
22400234,2024-11-17,MIN,PHX,0.5,114.2,111.2,3.0,0.7,110.9,112.7,-1.7999999999999972,-0.19999999999999996,3.299999999999997,4.799999999999997,1
22400021,2024-11-19,BOS,CLE,0.7,120.6,112.3,8.299999999999997,1.0,122.7,113.4,9.299999999999997,-0.30000000000000004,-2.1000000000000085,-1.0,1
22400257,2024-11-20,PHX,NYK,0.5,109.1,113.19999999999999,-4.099999999999994,0.6,118.4,110.9,7.5,-0.09999999999999998,-9.300000000000011,-11.599999999999994,0
22400033,2024-11-22,DEN,DAL,0.7,119.7,116.0,3.700000000000003,0.5,118.0,109.2,8.799999999999997,0.19999999999999996,1.7000000000000028,-5.099999999999994,0
22400273,2024-11-24,MIA,DAL,0.4,112.5,111.1,1.4000000000000057,0.5,119.5,112.7,6.799999999999997,-0.09999999999999998,-7.0,-5.3999999999999915,1
22400271,2024-11-24,BOS,MIN,0.8,117.8,109.2,8.599999999999994,0.5,113.4,110.30000000000001,3.0999999999999943,0.30000000000000004,4.3999999999999915,5.5,1
22400283,2024-11-25,DEN,NYK,0.7,118.4,112.7,5.700000000000003,0.6,120.3,114.5,5.799999999999997,0.09999999999999998,-1.8999999999999915,-0.09999999999999432,0
22400036,2024-11-26,MIA,MIL,0.5,114.1,111.3,2.799999999999997,0.7,114.1,109.1,5.0,-0.19999999999999996,0.0,-2.200000000000003,0
22400292,2024-11-27,DAL,NYK,0.5,119.6,113.6,6.0,0.7,123.2,114.2,9.0,-0.19999999999999996,-3.6000000000000085,-3.0,1
22400307,2024-12-01,CLE,BOS,0.7,120.2,113.9,6.299999999999997,0.9,120.1,110.6,9.5,-0.20000000000000007,0.10000000000000853,-3.200000000000003,1
22400316,2024-12-02,BOS,MIA,0.8,120.4,111.7,8.700000000000003,0.6,111.7,108.4,3.299999999999997,0.20000000000000007,8.700000000000003,5.400000000000006,1
22400325,2024-12-05,CLE,DEN,0.7,121.1,112.39999999999999,8.700000000000003,0.5,115.6,115.0,0.5999999999999943,0.19999999999999996,5.5,8.100000000000009,1
22400335,2024-12-06,BOS,MIL,0.9,121.3,110.2,11.099999999999994,0.8,118.0,112.0,6.0,0.09999999999999998,3.299999999999997,5.099999999999994,1
22400346,2024-12-07,MIA,PHX,0.6,112.4,106.80000000000001,5.599999999999994,0.3,111.0,114.4,-3.4000000000000057,0.3,1.4000000000000057,9.0,1
22400351,2024-12-08,MIA,CLE,0.6,112.1,106.8,5.299999999999997,0.7,119.5,110.8,8.700000000000003,-0.09999999999999998,-7.400000000000006,-3.4000000000000057,1
22401203,2024-12-10,OKC,DAL,0.7,116.5,105.9,10.599999999999994,0.9,125.7,112.7,13.0,-0.20000000000000007,-9.200000000000003,-2.4000000000000057,1
22400367,2024-12-19,MIN,NYK,0.6,104.6,97.39999999999999,7.200000000000003,0.7,114.6,106.39999999999999,8.200000000000003,-0.09999999999999998,-10.0,-1.0,0
22400374,2024-12-20,CLE,MIL,0.7,118.0,110.2,7.799999999999997,0.8,116.3,111.39999999999999,4.900000000000006,-0.10000000000000009,1.7000000000000028,2.8999999999999915,1
22400375,2024-12-20,MIA,OKC,0.6,114.2,108.4,5.799999999999997,0.9,116.7,102.8,13.900000000000006,-0.30000000000000004,-2.5,-8.100000000000009,0
22400402,2024-12-23,DEN,PHX,0.6,123.7,118.5,5.200000000000003,0.4,116.5,117.5,-1.0,0.19999999999999996,7.200000000000003,6.200000000000003,1
22400409,2024-12-25,PHX,DEN,0.4,113.8,116.5,-2.700000000000003,0.6,123.2,117.2,6.0,-0.19999999999999996,-9.400000000000006,-8.700000000000003,1
22400406,2024-12-25,DAL,MIN,0.8,121.3,113.39999999999999,7.900000000000006,0.6,104.0,99.8,4.200000000000003,0.20000000000000007,17.299999999999997,3.700000000000003,0
22400424,2024-12-27,DEN,CLE,0.6,121.0,115.6,5.400000000000006,0.9,120.7,105.5,15.200000000000003,-0.30000000000000004,0.29999999999999716,-9.799999999999997,0
22400425,2024-12-27,PHX,DAL,0.4,113.5,116.0,-2.5,0.7,120.6,114.5,6.099999999999994,-0.29999999999999993,-7.099999999999994,-8.599999999999994,0
22400452,2024-12-31,OKC,MIN,1.0,116.5,101.6,14.900000000000006,0.6,106.0,106.7,-0.7000000000000028,0.4,10.5,15.600000000000009,1
22400464,2025-01-02,MIN,BOS,0.5,105.8,109.0,-3.200000000000003,0.5,118.6,106.39999999999999,12.200000000000003,0.0,-12.799999999999997,-15.400000000000006,0
22400474,2025-01-03,DAL,CLE,0.4,110.5,111.4,-0.9000000000000057,0.9,123.2,108.3,14.900000000000006,-0.5,-12.700000000000003,-15.800000000000011,0
22400473,2025-01-03,OKC,NYK,1.0,114.6,101.8,12.799999999999997,0.9,118.2,106.4,11.799999999999997,0.09999999999999998,-3.6000000000000085,1.0,1
22400487,2025-01-05,OKC,BOS,1.0,114.5,102.1,12.400000000000006,0.6,116.9,103.9,13.0,0.4,-2.4000000000000057,-0.5999999999999943,1
22400507,2025-01-07,DEN,BOS,0.6,124.5,119.0,5.5,0.5,114.9,104.60000000000001,10.299999999999997,0.09999999999999998,9.599999999999994,-4.799999999999997,0
22400509,2025-01-08,CLE,OKC,1.0,125.2,108.6,16.60000000000001,1.0,113.9,101.7,12.200000000000003,0.0,11.299999999999997,4.400000000000006,1
22400529,2025-01-10,NYK,OKC,0.7,118.4,112.2,6.200000000000003,0.9,115.6,104.69999999999999,10.900000000000006,-0.20000000000000007,2.8000000000000114,-4.700000000000003,0
22400539,2025-01-12,NYK,MIL,0.6,114.6,112.3,2.299999999999997,0.6,113.0,106.4,6.599999999999994,0.0,1.5999999999999943,-4.299999999999997,1
22400540,2025-01-12,DAL,DEN,0.4,111.1,110.89999999999999,0.20000000000000284,0.6,122.8,117.1,5.700000000000003,-0.19999999999999996,-11.700000000000003,-5.5,0
22400559,2025-01-14,DAL,DEN,0.3,108.0,111.3,-3.299999999999997,0.7,124.0,116.2,7.799999999999997,-0.39999999999999997,-16.0,-11.099999999999994,0
22400574,2025-01-16,OKC,CLE,0.9,118.9,102.9,16.0,0.9,123.8,115.3,8.5,0.0,-4.8999999999999915,7.5,1
22400579,2025-01-17,MIA,DEN,0.5,109.2,110.9,-1.7000000000000028,0.7,119.7,111.9,7.799999999999997,-0.19999999999999996,-10.5,-9.5,0
22400578,2025-01-17,NYK,MIN,0.5,116.9,114.10000000000001,2.799999999999997,0.5,111.3,110.1,1.2000000000000028,0.0,5.6000000000000085,1.5999999999999943,0
22400583,2025-01-17,DAL,OKC,0.2,109.8,115.6,-5.799999999999997,0.9,121.7,104.9,16.799999999999997,-0.7,-11.900000000000006,-22.599999999999994,1
22400590,2025-01-18,MIN,CLE,0.5,111.7,109.0,2.700000000000003,0.8,122.8,117.39999999999999,5.400000000000006,-0.30000000000000004,-11.099999999999994,-2.700000000000003,0
22400603,2025-01-20,CLE,PHX,0.8,120.3,115.6,4.700000000000003,0.6,116.2,115.7,0.5,0.20000000000000007,4.099999999999994,4.200000000000003,1
22400614,2025-01-22,DAL,MIN,0.3,108.7,112.8,-4.099999999999994,0.5,112.0,109.1,2.9000000000000057,-0.2,-3.299999999999997,-7.0,0
22400624,2025-01-23,MIL,MIA,0.7,118.1,110.19999999999999,7.900000000000006,0.4,110.2,112.9,-2.700000000000003,0.29999999999999993,7.8999999999999915,10.600000000000009,1
22400625,2025-01-23,OKC,DAL,0.8,120.6,106.1,14.5,0.3,110.2,113.3,-3.0999999999999943,0.5,10.399999999999991,17.599999999999994,0
22400634,2025-01-25,MIN,DEN,0.6,113.0,108.6,4.400000000000006,0.8,121.6,109.89999999999999,11.700000000000003,-0.20000000000000007,-8.599999999999994,-7.299999999999997,1
22400635,2025-01-25,DAL,BOS,0.4,110.1,111.39999999999999,-1.2999999999999972,0.5,109.8,108.2,1.5999999999999943,-0.09999999999999998,0.29999999999999716,-2.8999999999999915,0
22400668,2025-01-29,NYK,DEN,0.7,120.0,112.0,8.0,0.7,120.9,114.0,6.900000000000006,0.0,-0.9000000000000057,1.0999999999999943,1
22400667,2025-01-29,MIA,CLE,0.5,109.7,111.3,-1.5999999999999943,0.5,118.6,116.1,2.5,0.0,-8.899999999999991,-4.099999999999994,0
22400672,2025-01-29,PHX,MIN,0.8,115.9,112.0,3.9000000000000057,0.6,115.1,107.89999999999999,7.200000000000003,0.20000000000000007,0.8000000000000114,-3.299999999999997,0
22400696,2025-02-02,CLE,DAL,0.6,122.4,114.80000000000001,7.599999999999994,0.4,113.7,115.8,-2.0999999999999943,0.19999999999999996,8.700000000000003,9.699999999999989,1
22400705,2025-02-03,OKC,MIL,0.7,122.2,108.7,13.5,0.6,122.1,116.3,5.799999999999997,0.09999999999999998,0.10000000000000853,7.700000000000003,1
22400710,2025-02-04,CLE,BOS,0.6,124.1,113.19999999999999,10.900000000000006,0.7,116.6,107.5,9.099999999999994,-0.09999999999999998,7.5,1.8000000000000114,0
22400724,2025-02-05,OKC,PHX,0.7,121.1,108.8,12.299999999999997,0.6,115.5,113.8,1.7000000000000028,0.09999999999999998,5.599999999999994,10.599999999999994,1
22400728,2025-02-06,BOS,DAL,0.7,115.7,108.60000000000001,7.099999999999994,0.4,113.9,118.30000000000001,-4.400000000000006,0.29999999999999993,1.7999999999999972,11.5,0
22400748,2025-02-08,NYK,BOS,0.8,120.7,113.9,6.799999999999997,0.7,116.2,109.4,6.799999999999997,0.10000000000000009,4.5,0.0,0
22400749,2025-02-08,PHX,DEN,0.5,114.4,116.10000000000001,-1.7000000000000028,0.7,123.8,117.6,6.200000000000003,-0.19999999999999996,-9.399999999999991,-7.900000000000006,0
22400755,2025-02-10,CLE,MIN,0.6,124.2,114.0,10.200000000000003,0.8,119.2,107.7,11.5,-0.20000000000000007,5.0,-1.2999999999999972,1
22400759,2025-02-10,MIA,BOS,0.5,109.1,112.89999999999999,-3.799999999999997,0.7,116.8,111.3,5.5,-0.19999999999999996,-7.700000000000003,-9.299999999999997,0
22400776,2025-02-12,MIN,MIL,0.7,118.4,109.10000000000001,9.299999999999997,0.3,115.5,123.2,-7.700000000000003,0.39999999999999997,2.9000000000000057,17.0,0
22400778,2025-02-12,OKC,MIA,0.8,125.7,109.6,16.10000000000001,0.4,104.8,112.5,-7.700000000000003,0.4,20.900000000000006,23.80000000000001,1
22400787,2025-02-13,MIN,OKC,0.6,115.2,109.0,6.200000000000003,0.8,124.9,108.30000000000001,16.599999999999994,-0.20000000000000007,-9.700000000000003,-10.399999999999991,1
22400786,2025-02-13,DAL,MIA,0.5,117.5,120.6,-3.0999999999999943,0.4,104.2,112.4,-8.200000000000003,0.09999999999999998,13.299999999999997,5.1000000000000085,1
22400797,2025-02-21,CLE,NYK,0.9,124.3,107.6,16.700000000000003,0.8,125.9,120.4,5.5,0.09999999999999998,-1.6000000000000085,11.200000000000003,1
22400817,2025-02-23,MIL,MIA,0.5,112.4,118.2,-5.799999999999997,0.4,107.3,113.1,-5.799999999999997,0.09999999999999998,5.1000000000000085,0.0,1
22400820,2025-02-23,MIN,OKC,0.5,116.2,110.7,5.5,0.8,124.7,107.7,17.0,-0.30000000000000004,-8.5,-11.5,0
22400811,2025-02-23,BOS,NYK,0.8,117.6,106.8,10.799999999999997,0.7,122.1,122.6,-0.5,0.10000000000000009,-4.5,11.299999999999997,1
22400826,2025-02-24,OKC,MIN,0.9,126.8,108.4,18.39999999999999,0.4,114.7,112.4,2.299999999999997,0.5,12.099999999999994,16.099999999999994,0
22400846,2025-02-27,MIL,DEN,0.6,110.4,111.9,-1.5,0.9,124.2,112.3,11.900000000000006,-0.30000000000000004,-13.799999999999997,-13.400000000000006,1
22400852,2025-02-28,BOS,CLE,0.8,115.0,106.1,8.900000000000006,0.9,126.3,107.4,18.89999999999999,-0.09999999999999998,-11.299999999999997,-9.999999999999986,0
22400865,2025-03-01,DAL,MIL,0.6,113.1,112.39999999999999,0.7000000000000028,0.7,112.9,110.60000000000001,2.299999999999997,-0.09999999999999998,0.19999999999998863,-1.5999999999999943,0
22400866,2025-03-02,BOS,DEN,0.7,114.8,107.39999999999999,7.400000000000006,0.8,125.6,114.6,11.0,-0.10000000000000009,-10.799999999999997,-3.5999999999999943,1
22400873,2025-03-02,PHX,MIN,0.3,119.1,123.39999999999999,-4.299999999999997,0.4,115.2,115.10000000000001,0.09999999999999432,-0.10000000000000003,3.8999999999999915,-4.3999999999999915,0
22400869,2025-03-02,MIA,NYK,0.4,106.8,109.7,-2.9000000000000057,0.7,117.3,121.6,-4.299999999999997,-0.29999999999999993,-10.5,1.3999999999999915,0
22400897,2025-03-05,MIL,DAL,0.8,116.6,112.69999999999999,3.9000000000000057,0.5,110.3,114.0,-3.700000000000003,0.30000000000000004,6.299999999999997,7.6000000000000085,1
22400893,2025-03-05,CLE,MIA,1.0,129.1,110.8,18.299999999999997,0.4,109.2,110.0,-0.7999999999999972,0.6,19.89999999999999,19.099999999999994,1
22400909,2025-03-07,DEN,PHX,0.7,121.9,115.7,6.200000000000003,0.3,116.8,121.8,-5.0,0.39999999999999997,5.1000000000000085,11.200000000000003,1
22400907,2025-03-07,MIA,MIN,0.4,111.4,110.9,0.5,0.5,117.1,113.1,4.0,-0.09999999999999998,-5.699999999999989,-3.5,0
22400920,2025-03-09,OKC,DEN,0.8,126.3,116.89999999999999,9.400000000000006,0.7,124.6,119.3,5.299999999999997,0.10000000000000009,1.7000000000000028,4.1000000000000085,1
22400921,2025-03-09,DAL,PHX,0.4,107.7,116.5,-8.799999999999997,0.3,119.7,124.8,-5.099999999999994,0.10000000000000003,-12.0,-3.700000000000003,0
22400922,2025-03-09,MIL,CLE,0.8,116.6,109.3,7.299999999999997,1.0,125.9,110.10000000000001,15.799999999999997,-0.19999999999999996,-9.300000000000011,-8.5,0
22400936,2025-03-10,OKC,DEN,0.9,128.9,115.60000000000001,13.299999999999997,0.6,120.3,120.3,0.0,0.30000000000000004,8.600000000000009,13.299999999999997,0
22400952,2025-03-12,DEN,MIN,0.6,121.1,120.89999999999999,0.20000000000000284,0.6,120.1,115.5,4.599999999999994,0.0,1.0,-4.3999999999999915,0
22400946,2025-03-12,BOS,OKC,0.8,115.2,108.5,6.700000000000003,0.8,128.6,118.89999999999999,9.700000000000003,0.0,-13.399999999999991,-3.0,0
22400958,2025-03-14,MIA,BOS,0.3,108.6,108.89999999999999,-0.29999999999999716,0.7,114.0,109.9,4.099999999999994,-0.39999999999999997,-5.400000000000006,-4.3999999999999915,0
22400982,2025-03-16,MIL,OKC,0.6,118.9,112.0,6.900000000000006,0.9,125.9,115.4,10.5,-0.30000000000000004,-7.0,-3.5999999999999943,0
22400984,2025-03-17,NYK,MIA,0.5,109.2,109.4,-0.20000000000000284,0.2,105.1,111.0,-5.900000000000006,0.3,4.1000000000000085,5.700000000000003,1
22401021,2025-03-21,PHX,CLE,0.5,117.9,115.2,2.700000000000003,0.7,119.7,116.10000000000001,3.5999999999999943,-0.19999999999999996,-1.7999999999999972,-0.8999999999999915,1
22401043,2025-03-24,PHX,MIL,0.6,120.4,114.80000000000001,5.599999999999994,0.5,114.2,109.2,5.0,0.09999999999999998,6.200000000000003,0.5999999999999943,1
22401048,2025-03-25,NYK,DAL,0.4,108.8,107.89999999999999,0.9000000000000057,0.3,117.8,125.5,-7.700000000000003,0.10000000000000003,-9.0,8.600000000000009,1
22401057,2025-03-26,DEN,MIL,0.4,115.8,121.39999999999999,-5.599999999999994,0.4,111.1,109.3,1.7999999999999972,0.0,4.700000000000003,-7.3999999999999915,1
22401058,2025-03-26,PHX,BOS,0.6,119.3,113.7,5.599999999999994,0.9,114.5,104.2,10.299999999999997,-0.30000000000000004,4.799999999999997,-4.700000000000003,0
22401070,2025-03-28,MIL,NYK,0.4,111.9,110.9,1.0,0.5,111.8,109.1,2.700000000000003,-0.09999999999999998,0.10000000000000853,-1.7000000000000028,0
22401071,2025-03-28,MIN,PHX,0.7,121.5,110.9,10.599999999999994,0.6,115.4,112.0,3.4000000000000057,0.09999999999999998,6.099999999999994,7.199999999999989,1
22401101,2025-04-01,MIL,PHX,0.4,113.6,114.3,-0.7000000000000028,0.5,112.9,115.60000000000001,-2.700000000000003,-0.09999999999999998,0.6999999999999886,2.0,1
22401102,2025-04-01,DEN,MIN,0.5,117.1,117.0,0.09999999999999432,0.7,123.1,110.8,12.299999999999997,-0.19999999999999996,-6.0,-12.200000000000003,0
22401103,2025-04-02,CLE,NYK,0.5,120.1,118.3,1.7999999999999972,0.6,110.7,106.0,4.700000000000003,-0.09999999999999998,9.399999999999991,-2.9000000000000057,1
22401106,2025-04-02,BOS,MIA,0.9,116.7,104.4,12.299999999999997,0.5,108.2,105.4,2.799999999999997,0.4,8.5,9.5,0
22401120,2025-04-04,BOS,PHX,0.9,115.8,105.0,10.799999999999997,0.5,114.8,117.8,-3.0,0.4,1.0,13.799999999999997,1
22401131,2025-04-05,MIA,MIL,0.6,113.2,103.9,9.299999999999997,0.4,114.3,115.39999999999999,-1.0999999999999943,0.19999999999999996,-1.0999999999999943,10.399999999999991,0
22401140,2025-04-06,NYK,PHX,0.6,112.3,109.7,2.5999999999999943,0.4,112.9,119.5,-6.599999999999994,0.19999999999999996,-0.6000000000000085,9.199999999999989,1
22401152,2025-04-08,MIL,MIN,0.6,117.7,115.10000000000001,2.5999999999999943,0.7,121.6,111.6,10.0,-0.09999999999999998,-3.8999999999999915,-7.400000000000006,1
22401151,2025-04-08,NYK,BOS,0.7,113.0,107.5,5.5,0.9,118.7,103.9,14.799999999999997,-0.20000000000000007,-5.700000000000003,-9.299999999999997,0
22401164,2025-04-09,PHX,OKC,0.3,109.7,124.4,-14.700000000000003,0.8,123.2,111.8,11.400000000000006,-0.5,-13.5,-26.10000000000001,0
22401175,2025-04-11,NYK,CLE,0.6,113.3,109.1,4.200000000000003,0.7,121.3,113.8,7.5,-0.09999999999999998,-8.0,-3.299999999999997,0
